file,line,type,commit,author,date,time,timezone,datetime,depth,length
style.css,1,css,04ae7e9f,mpkcb21,2026-04-10,20:30:44,-07:00,2026-04-10T20:30:44-07:00,0,22
style.css,2,css,04ae7e9f,mpkcb21,2026-04-10,20:30:44,-07:00,2026-04-10T20:30:44-07:00,1,11
style.css,3,css,04ae7e9f,mpkcb21,2026-04-10,20:30:44,-07:00,2026-04-10T20:30:44-07:00,1,22
style.css,4,css,04ae7e9f,mpkcb21,2026-04-10,20:30:44,-07:00,2026-04-10T20:30:44-07:00,0,5
style.css,5,css,70f44b7c,mpkcb21,2026-04-10,20:50:07,-07:00,2026-04-10T20:50:07-07:00,1,44
style.css,6,css,04ae7e9f,mpkcb21,2026-04-10,20:30:44,-07:00,2026-04-10T20:30:44-07:00,0,0
style.css,7,css,04ae7e9f,mpkcb21,2026-04-10,20:30:44,-07:00,2026-04-10T20:30:44-07:00,0,0
style.css,8,css,04ae7e9f,mpkcb21,2026-04-10,20:30:44,-07:00,2026-04-10T20:30:44-07:00,0,4
style.css,9,css,96ca2bd4,mpkcb21,2026-04-16,18:18:02,-07:00,2026-04-16T18:18:02-07:00,1,23
style.css,10,css,04ae7e9f,mpkcb21,2026-04-10,20:30:44,-07:00,2026-04-10T20:30:44-07:00,1,32
style.css,11,css,04ae7e9f,mpkcb21,2026-04-10,20:30:44,-07:00,2026-04-10T20:30:44-07:00,0,0
style.css,12,css,04ae7e9f,mpkcb21,2026-04-10,20:30:44,-07:00,2026-04-10T20:30:44-07:00,0,0
style.css,13,css,6d164e22,mpkcb21,2026-04-03,19:18:22,-07:00,2026-04-03T19:18:22-07:00,0,4
style.css,14,css,6d164e22,mpkcb21,2026-04-03,19:18:22,-07:00,2026-04-03T19:18:22-07:00,1,23
style.css,15,css,1369d969,mpkcb21,2026-04-10,19:31:55,-07:00,2026-04-10T19:31:55-07:00,1,15
style.css,16,css,842255f0,mpkcb21,2026-04-10,19:47:32,-07:00,2026-04-10T19:47:32-07:00,1,42
style.css,17,css,6300c34f,mpkcb21,2026-04-10,20:21:23,-07:00,2026-04-10T20:21:23-07:00,0,0
style.css,18,css,96ca2bd4,mpkcb21,2026-04-16,18:18:02,-07:00,2026-04-16T18:18:02-07:00,0,0
style.css,19,css,96ca2bd4,mpkcb21,2026-04-16,18:18:02,-07:00,2026-04-16T18:18:02-07:00,0,14
style.css,20,css,70f44b7c,mpkcb21,2026-04-10,20:50:07,-07:00,2026-04-10T20:50:07-07:00,1,13
style.css,21,css,70f44b7c,mpkcb21,2026-04-10,20:50:07,-07:00,2026-04-10T20:50:07-07:00,0,0
style.css,22,css,04ae7e9f,mpkcb21,2026-04-10,20:30:44,-07:00,2026-04-10T20:30:44-07:00,0,0
style.css,23,css,04ae7e9f,mpkcb21,2026-04-10,20:30:44,-07:00,2026-04-10T20:30:44-07:00,0,22
style.css,24,css,04ae7e9f,mpkcb21,2026-04-10,20:30:44,-07:00,2026-04-10T20:30:44-07:00,1,6
style.css,25,css,04ae7e9f,mpkcb21,2026-04-10,20:30:44,-07:00,2026-04-10T20:30:44-07:00,1,22
style.css,26,css,04ae7e9f,mpkcb21,2026-04-10,20:30:44,-07:00,2026-04-10T20:30:44-07:00,0,22
style.css,27,css,04ae7e9f,mpkcb21,2026-04-10,20:30:44,-07:00,2026-04-10T20:30:44-07:00,1,15
style.css,28,css,04ae7e9f,mpkcb21,2026-04-10,20:30:44,-07:00,2026-04-10T20:30:44-07:00,1,17
style.css,29,css,04ae7e9f,mpkcb21,2026-04-10,20:30:44,-07:00,2026-04-10T20:30:44-07:00,0,0
style.css,30,css,04ae7e9f,mpkcb21,2026-04-10,20:30:44,-07:00,2026-04-10T20:30:44-07:00,0,0
style.css,31,css,04ae7e9f,mpkcb21,2026-04-10,20:30:44,-07:00,2026-04-10T20:30:44-07:00,0,2
style.css,32,css,04ae7e9f,mpkcb21,2026-04-10,20:30:44,-07:00,2026-04-10T20:30:44-07:00,1,14
style.css,33,css,04ae7e9f,mpkcb21,2026-04-10,20:30:44,-07:00,2026-04-10T20:30:44-07:00,0,0
style.css,34,css,04ae7e9f,mpkcb21,2026-04-10,20:30:44,-07:00,2026-04-10T20:30:44-07:00,0,0
style.css,35,css,04ae7e9f,mpkcb21,2026-04-10,20:30:44,-07:00,2026-04-10T20:30:44-07:00,0,22
style.css,36,css,04ae7e9f,mpkcb21,2026-04-10,20:30:44,-07:00,2026-04-10T20:30:44-07:00,1,8
style.css,37,css,04ae7e9f,mpkcb21,2026-04-10,20:30:44,-07:00,2026-04-10T20:30:44-07:00,1,22
style.css,38,css,6300c34f,mpkcb21,2026-04-10,20:21:23,-07:00,2026-04-10T20:21:23-07:00,0,5
style.css,39,css,6300c34f,mpkcb21,2026-04-10,20:21:23,-07:00,2026-04-10T20:21:23-07:00,0,6
style.css,40,css,6300c34f,mpkcb21,2026-04-10,20:21:23,-07:00,2026-04-10T20:21:23-07:00,1,16
style.css,41,css,6300c34f,mpkcb21,2026-04-10,20:21:23,-07:00,2026-04-10T20:21:23-07:00,0,0
style.css,42,css,04ae7e9f,mpkcb21,2026-04-10,20:30:44,-07:00,2026-04-10T20:30:44-07:00,0,0
style.css,43,css,6300c34f,mpkcb21,2026-04-10,20:21:23,-07:00,2026-04-10T20:21:23-07:00,0,3
style.css,44,css,96ca2bd4,mpkcb21,2026-04-16,18:18:02,-07:00,2026-04-16T18:18:02-07:00,1,39
style.css,45,css,6300c34f,mpkcb21,2026-04-10,20:21:23,-07:00,2026-04-10T20:21:23-07:00,1,12
style.css,46,css,04ae7e9f,mpkcb21,2026-04-10,20:30:44,-07:00,2026-04-10T20:30:44-07:00,1,17
style.css,47,css,96ca2bd4,mpkcb21,2026-04-16,18:18:02,-07:00,2026-04-16T18:18:02-07:00,1,43
style.css,48,css,6300c34f,mpkcb21,2026-04-10,20:21:23,-07:00,2026-04-10T20:21:23-07:00,0,0
style.css,49,css,6300c34f,mpkcb21,2026-04-10,20:21:23,-07:00,2026-04-10T20:21:23-07:00,0,0
style.css,50,css,6300c34f,mpkcb21,2026-04-10,20:21:23,-07:00,2026-04-10T20:21:23-07:00,0,5
style.css,51,css,6300c34f,mpkcb21,2026-04-10,20:21:23,-07:00,2026-04-10T20:21:23-07:00,1,6
style.css,52,css,04ae7e9f,mpkcb21,2026-04-10,20:30:44,-07:00,2026-04-10T20:30:44-07:00,1,20
style.css,53,css,04ae7e9f,mpkcb21,2026-04-10,20:30:44,-07:00,2026-04-10T20:30:44-07:00,1,13
style.css,54,css,04ae7e9f,mpkcb21,2026-04-10,20:30:44,-07:00,2026-04-10T20:30:44-07:00,1,17
style.css,55,css,04ae7e9f,mpkcb21,2026-04-10,20:30:44,-07:00,2026-04-10T20:30:44-07:00,1,13
style.css,56,css,6300c34f,mpkcb21,2026-04-10,20:21:23,-07:00,2026-04-10T20:21:23-07:00,0,0
style.css,57,css,6300c34f,mpkcb21,2026-04-10,20:21:23,-07:00,2026-04-10T20:21:23-07:00,0,0
style.css,58,css,04ae7e9f,mpkcb21,2026-04-10,20:30:44,-07:00,2026-04-10T20:30:44-07:00,0,13
style.css,59,css,96ca2bd4,mpkcb21,2026-04-16,18:18:02,-07:00,2026-04-16T18:18:02-07:00,1,45
style.css,60,css,04ae7e9f,mpkcb21,2026-04-10,20:30:44,-07:00,2026-04-10T20:30:44-07:00,1,20
style.css,61,css,6300c34f,mpkcb21,2026-04-10,20:21:23,-07:00,2026-04-10T20:21:23-07:00,0,0
style.css,62,css,6300c34f,mpkcb21,2026-04-10,20:21:23,-07:00,2026-04-10T20:21:23-07:00,0,0
style.css,63,css,6300c34f,mpkcb21,2026-04-10,20:21:23,-07:00,2026-04-10T20:21:23-07:00,0,11
style.css,64,css,6300c34f,mpkcb21,2026-04-10,20:21:23,-07:00,2026-04-10T20:21:23-07:00,1,45
style.css,65,css,96ca2bd4,mpkcb21,2026-04-16,18:18:02,-07:00,2026-04-16T18:18:02-07:00,1,69
style.css,66,css,04ae7e9f,mpkcb21,2026-04-10,20:30:44,-07:00,2026-04-10T20:30:44-07:00,0,0
style.css,67,css,04ae7e9f,mpkcb21,2026-04-10,20:30:44,-07:00,2026-04-10T20:30:44-07:00,0,0
style.css,68,css,04ae7e9f,mpkcb21,2026-04-10,20:30:44,-07:00,2026-04-10T20:30:44-07:00,0,22
style.css,69,css,04ae7e9f,mpkcb21,2026-04-10,20:30:44,-07:00,2026-04-10T20:30:44-07:00,1,10
style.css,70,css,04ae7e9f,mpkcb21,2026-04-10,20:30:44,-07:00,2026-04-10T20:30:44-07:00,1,22
style.css,71,css,04ae7e9f,mpkcb21,2026-04-10,20:30:44,-07:00,2026-04-10T20:30:44-07:00,0,4
style.css,72,css,04ae7e9f,mpkcb21,2026-04-10,20:30:44,-07:00,2026-04-10T20:30:44-07:00,1,12
style.css,73,css,04ae7e9f,mpkcb21,2026-04-10,20:30:44,-07:00,2026-04-10T20:30:44-07:00,1,30
style.css,74,css,04ae7e9f,mpkcb21,2026-04-10,20:30:44,-07:00,2026-04-10T20:30:44-07:00,1,7
style.css,75,css,04ae7e9f,mpkcb21,2026-04-10,20:30:44,-07:00,2026-04-10T20:30:44-07:00,0,0
style.css,76,css,04ae7e9f,mpkcb21,2026-04-10,20:30:44,-07:00,2026-04-10T20:30:44-07:00,0,0
style.css,77,css,04ae7e9f,mpkcb21,2026-04-10,20:30:44,-07:00,2026-04-10T20:30:44-07:00,0,10
style.css,78,css,04ae7e9f,mpkcb21,2026-04-10,20:30:44,-07:00,2026-04-10T20:30:44-07:00,1,12
style.css,79,css,04ae7e9f,mpkcb21,2026-04-10,20:30:44,-07:00,2026-04-10T20:30:44-07:00,1,29
style.css,80,css,04ae7e9f,mpkcb21,2026-04-10,20:30:44,-07:00,2026-04-10T20:30:44-07:00,1,18
style.css,81,css,04ae7e9f,mpkcb21,2026-04-10,20:30:44,-07:00,2026-04-10T20:30:44-07:00,0,0
style.css,82,css,04ae7e9f,mpkcb21,2026-04-10,20:30:44,-07:00,2026-04-10T20:30:44-07:00,0,0
style.css,83,css,04ae7e9f,mpkcb21,2026-04-10,20:30:44,-07:00,2026-04-10T20:30:44-07:00,0,9
style.css,84,css,04ae7e9f,mpkcb21,2026-04-10,20:30:44,-07:00,2026-04-10T20:30:44-07:00,0,12
style.css,85,css,96ca2bd4,mpkcb21,2026-04-16,18:18:02,-07:00,2026-04-16T18:18:02-07:00,0,10
style.css,86,css,96ca2bd4,mpkcb21,2026-04-16,18:18:02,-07:00,2026-04-16T18:18:02-07:00,0,6
style.css,87,css,04ae7e9f,mpkcb21,2026-04-10,20:30:44,-07:00,2026-04-10T20:30:44-07:00,1,12
style.css,88,css,04ae7e9f,mpkcb21,2026-04-10,20:30:44,-07:00,2026-04-10T20:30:44-07:00,1,10
style.css,89,css,04ae7e9f,mpkcb21,2026-04-10,20:30:44,-07:00,2026-04-10T20:30:44-07:00,1,21
style.css,90,css,04ae7e9f,mpkcb21,2026-04-10,20:30:44,-07:00,2026-04-10T20:30:44-07:00,0,0
style.css,91,css,04ae7e9f,mpkcb21,2026-04-10,20:30:44,-07:00,2026-04-10T20:30:44-07:00,0,0
style.css,92,css,04ae7e9f,mpkcb21,2026-04-10,20:30:44,-07:00,2026-04-10T20:30:44-07:00,0,11
style.css,93,css,04ae7e9f,mpkcb21,2026-04-10,20:30:44,-07:00,2026-04-10T20:30:44-07:00,1,18
style.css,94,css,04ae7e9f,mpkcb21,2026-04-10,20:30:44,-07:00,2026-04-10T20:30:44-07:00,0,0
style.css,95,css,04ae7e9f,mpkcb21,2026-04-10,20:30:44,-07:00,2026-04-10T20:30:44-07:00,0,0
style.css,96,css,04ae7e9f,mpkcb21,2026-04-10,20:30:44,-07:00,2026-04-10T20:30:44-07:00,0,22
style.css,97,css,04ae7e9f,mpkcb21,2026-04-10,20:30:44,-07:00,2026-04-10T20:30:44-07:00,1,11
style.css,98,css,04ae7e9f,mpkcb21,2026-04-10,20:30:44,-07:00,2026-04-10T20:30:44-07:00,1,22
style.css,99,css,04ae7e9f,mpkcb21,2026-04-10,20:30:44,-07:00,2026-04-10T20:30:44-07:00,0,9
style.css,100,css,04ae7e9f,mpkcb21,2026-04-10,20:30:44,-07:00,2026-04-10T20:30:44-07:00,1,12
style.css,101,css,04ae7e9f,mpkcb21,2026-04-10,20:30:44,-07:00,2026-04-10T20:30:44-07:00,1,58
style.css,102,css,04ae7e9f,mpkcb21,2026-04-10,20:30:44,-07:00,2026-04-10T20:30:44-07:00,1,7
style.css,103,css,04ae7e9f,mpkcb21,2026-04-10,20:30:44,-07:00,2026-04-10T20:30:44-07:00,0,0
style.css,104,css,04ae7e9f,mpkcb21,2026-04-10,20:30:44,-07:00,2026-04-10T20:30:44-07:00,0,0
style.css,105,css,04ae7e9f,mpkcb21,2026-04-10,20:30:44,-07:00,2026-04-10T20:30:44-07:00,0,17
style.css,106,css,04ae7e9f,mpkcb21,2026-04-10,20:30:44,-07:00,2026-04-10T20:30:44-07:00,1,12
style.css,107,css,04ae7e9f,mpkcb21,2026-04-10,20:30:44,-07:00,2026-04-10T20:30:44-07:00,1,26
style.css,108,css,04ae7e9f,mpkcb21,2026-04-10,20:30:44,-07:00,2026-04-10T20:30:44-07:00,1,15
style.css,109,css,04ae7e9f,mpkcb21,2026-04-10,20:30:44,-07:00,2026-04-10T20:30:44-07:00,0,0
style.css,110,css,04ae7e9f,mpkcb21,2026-04-10,20:30:44,-07:00,2026-04-10T20:30:44-07:00,0,0
style.css,111,css,04ae7e9f,mpkcb21,2026-04-10,20:30:44,-07:00,2026-04-10T20:30:44-07:00,0,20
style.css,112,css,04ae7e9f,mpkcb21,2026-04-10,20:30:44,-07:00,2026-04-10T20:30:44-07:00,1,8
style.css,113,css,eef53590,mpkcb21,2026-04-10,21:01:41,-07:00,2026-04-10T21:01:41-07:00,0,0
style.css,114,css,96ca2bd4,mpkcb21,2026-04-16,18:18:02,-07:00,2026-04-16T18:18:02-07:00,0,0
style.css,115,css,eef53590,mpkcb21,2026-04-10,21:01:41,-07:00,2026-04-10T21:01:41-07:00,0,22
style.css,116,css,eef53590,mpkcb21,2026-04-10,21:01:41,-07:00,2026-04-10T21:01:41-07:00,1,0
style.css,117,css,eef53590,mpkcb21,2026-04-10,21:01:41,-07:00,2026-04-10T21:01:41-07:00,1,22
style.css,118,css,eef53590,mpkcb21,2026-04-10,21:01:41,-07:00,2026-04-10T21:01:41-07:00,0,11
style.css,119,css,96ca2bd4,mpkcb21,2026-04-16,18:18:02,-07:00,2026-04-16T18:18:02-07:00,1,16
style.css,120,css,96ca2bd4,mpkcb21,2026-04-16,18:18:02,-07:00,2026-04-16T18:18:02-07:00,1,38
style.css,121,css,96ca2bd4,mpkcb21,2026-04-16,18:18:02,-07:00,2026-04-16T18:18:02-07:00,1,15
style.css,122,css,eef53590,mpkcb21,2026-04-10,21:01:41,-07:00,2026-04-10T21:01:41-07:00,0,0
style.css,123,css,eef53590,mpkcb21,2026-04-10,21:01:41,-07:00,2026-04-10T21:01:41-07:00,0,0
style.css,124,css,eef53590,mpkcb21,2026-04-10,21:01:41,-07:00,2026-04-10T21:01:41-07:00,0,9
style.css,125,css,96ca2bd4,mpkcb21,2026-04-16,18:18:02,-07:00,2026-04-16T18:18:02-07:00,1,18
style.css,126,css,eef53590,mpkcb21,2026-04-10,21:01:41,-07:00,2026-04-10T21:01:41-07:00,0,0
style.css,127,css,eef53590,mpkcb21,2026-04-10,21:01:41,-07:00,2026-04-10T21:01:41-07:00,0,0
style.css,128,css,eef53590,mpkcb21,2026-04-10,21:01:41,-07:00,2026-04-10T21:01:41-07:00,0,16
style.css,129,css,96ca2bd4,mpkcb21,2026-04-16,18:18:02,-07:00,2026-04-16T18:18:02-07:00,1,12
style.css,130,css,96ca2bd4,mpkcb21,2026-04-16,18:18:02,-07:00,2026-04-16T18:18:02-07:00,1,29
style.css,131,css,96ca2bd4,mpkcb21,2026-04-16,18:18:02,-07:00,2026-04-16T18:18:02-07:00,1,20
style.css,132,css,96ca2bd4,mpkcb21,2026-04-16,18:18:02,-07:00,2026-04-16T18:18:02-07:00,1,20
style.css,133,css,eef53590,mpkcb21,2026-04-10,21:01:41,-07:00,2026-04-10T21:01:41-07:00,0,0
style.css,134,css,eef53590,mpkcb21,2026-04-10,21:01:41,-07:00,2026-04-10T21:01:41-07:00,0,0
style.css,135,css,eef53590,mpkcb21,2026-04-10,21:01:41,-07:00,2026-04-10T21:01:41-07:00,0,21
style.css,136,css,96ca2bd4,mpkcb21,2026-04-16,18:18:02,-07:00,2026-04-16T18:18:02-07:00,1,23
style.css,137,css,96ca2bd4,mpkcb21,2026-04-16,18:18:02,-07:00,2026-04-16T18:18:02-07:00,1,15
style.css,138,css,96ca2bd4,mpkcb21,2026-04-16,18:18:02,-07:00,2026-04-16T18:18:02-07:00,0,0
style.css,139,css,96ca2bd4,mpkcb21,2026-04-16,18:18:02,-07:00,2026-04-16T18:18:02-07:00,0,0
style.css,140,css,96ca2bd4,mpkcb21,2026-04-16,18:18:02,-07:00,2026-04-16T18:18:02-07:00,0,22
style.css,141,css,96ca2bd4,mpkcb21,2026-04-16,18:18:02,-07:00,2026-04-16T18:18:02-07:00,1,19
style.css,142,css,96ca2bd4,mpkcb21,2026-04-16,18:18:02,-07:00,2026-04-16T18:18:02-07:00,1,22
style.css,143,css,96ca2bd4,mpkcb21,2026-04-16,18:18:02,-07:00,2026-04-16T18:18:02-07:00,0,13
style.css,144,css,96ca2bd4,mpkcb21,2026-04-16,18:18:02,-07:00,2026-04-16T18:18:02-07:00,1,17
style.css,145,css,96ca2bd4,mpkcb21,2026-04-16,18:18:02,-07:00,2026-04-16T18:18:02-07:00,1,8
style.css,146,css,96ca2bd4,mpkcb21,2026-04-16,18:18:02,-07:00,2026-04-16T18:18:02-07:00,1,10
style.css,147,css,96ca2bd4,mpkcb21,2026-04-16,18:18:02,-07:00,2026-04-16T18:18:02-07:00,1,13
style.css,148,css,96ca2bd4,mpkcb21,2026-04-16,18:18:02,-07:00,2026-04-16T18:18:02-07:00,1,19
style.css,149,css,d4b58e5e,mpkcb21,2026-04-23,15:47:09,-07:00,2026-04-23T15:47:09-07:00,0,0
style.css,150,css,085379fd,mpkcb21,2026-04-23,16:17:50,-07:00,2026-04-23T16:17:50-07:00,0,0
style.css,151,css,d4b58e5e,mpkcb21,2026-04-23,15:47:09,-07:00,2026-04-23T15:47:09-07:00,0,22
style.css,152,css,d4b58e5e,mpkcb21,2026-04-23,15:47:09,-07:00,2026-04-23T15:47:09-07:00,1,10
style.css,153,css,d4b58e5e,mpkcb21,2026-04-23,15:47:09,-07:00,2026-04-23T15:47:09-07:00,1,22
style.css,154,css,d4b58e5e,mpkcb21,2026-04-23,15:47:09,-07:00,2026-04-23T15:47:09-07:00,0,17
style.css,155,css,d4b58e5e,mpkcb21,2026-04-23,15:47:09,-07:00,2026-04-23T15:47:09-07:00,1,12
style.css,156,css,d4b58e5e,mpkcb21,2026-04-23,15:47:09,-07:00,2026-04-23T15:47:09-07:00,1,36
style.css,157,css,2e60eff5,mpkcb21,2026-04-23,15:59:43,-07:00,2026-04-23T15:59:43-07:00,1,7
style.css,158,css,d4b58e5e,mpkcb21,2026-04-23,15:47:09,-07:00,2026-04-23T15:47:09-07:00,1,8
style.css,159,css,d4b58e5e,mpkcb21,2026-04-23,15:47:09,-07:00,2026-04-23T15:47:09-07:00,0,0
style.css,160,css,d4b58e5e,mpkcb21,2026-04-23,15:47:09,-07:00,2026-04-23T15:47:09-07:00,0,0
style.css,161,css,464d608e,mpkcb21,2026-04-23,16:08:15,-07:00,2026-04-23T16:08:15-07:00,0,24
style.css,162,css,e0b5e1bd,mpkcb21,2026-04-23,16:34:07,-07:00,2026-04-23T16:34:07-07:00,1,28
style.css,163,css,464d608e,mpkcb21,2026-04-23,16:08:15,-07:00,2026-04-23T16:08:15-07:00,1,18
style.css,164,css,464d608e,mpkcb21,2026-04-23,16:08:15,-07:00,2026-04-23T16:08:15-07:00,1,11
style.css,165,css,464d608e,mpkcb21,2026-04-23,16:08:15,-07:00,2026-04-23T16:08:15-07:00,1,17
style.css,166,css,464d608e,mpkcb21,2026-04-23,16:08:15,-07:00,2026-04-23T16:08:15-07:00,0,0
style.css,167,css,464d608e,mpkcb21,2026-04-23,16:08:15,-07:00,2026-04-23T16:08:15-07:00,0,0
style.css,168,css,d4b58e5e,mpkcb21,2026-04-23,15:47:09,-07:00,2026-04-23T15:47:09-07:00,0,17
style.css,169,css,d4b58e5e,mpkcb21,2026-04-23,15:47:09,-07:00,2026-04-23T15:47:09-07:00,1,16
style.css,170,css,d4b58e5e,mpkcb21,2026-04-23,15:47:09,-07:00,2026-04-23T15:47:09-07:00,1,24
style.css,171,css,d4b58e5e,mpkcb21,2026-04-23,15:47:09,-07:00,2026-04-23T15:47:09-07:00,1,21
style.css,172,css,e0b5e1bd,mpkcb21,2026-04-23,16:34:07,-07:00,2026-04-23T16:34:07-07:00,1,23
style.css,173,css,464d608e,mpkcb21,2026-04-23,16:08:15,-07:00,2026-04-23T16:08:15-07:00,1,20
style.css,174,css,d4b58e5e,mpkcb21,2026-04-23,15:47:09,-07:00,2026-04-23T15:47:09-07:00,0,0
style.css,175,css,d4b58e5e,mpkcb21,2026-04-23,15:47:09,-07:00,2026-04-23T15:47:09-07:00,0,0
style.css,176,css,d4b58e5e,mpkcb21,2026-04-23,15:47:09,-07:00,2026-04-23T15:47:09-07:00,0,17
style.css,177,css,d4b58e5e,mpkcb21,2026-04-23,15:47:09,-07:00,2026-04-23T15:47:09-07:00,1,13
style.css,178,css,d4b58e5e,mpkcb21,2026-04-23,15:47:09,-07:00,2026-04-23T15:47:09-07:00,1,16
style.css,179,css,d4b58e5e,mpkcb21,2026-04-23,15:47:09,-07:00,2026-04-23T15:47:09-07:00,1,25
style.css,180,css,d4b58e5e,mpkcb21,2026-04-23,15:47:09,-07:00,2026-04-23T15:47:09-07:00,1,8
style.css,181,css,2e60eff5,mpkcb21,2026-04-23,15:59:43,-07:00,2026-04-23T15:59:43-07:00,0,0
style.css,182,css,2e60eff5,mpkcb21,2026-04-23,15:59:43,-07:00,2026-04-23T15:59:43-07:00,0,0
style.css,183,css,e0b5e1bd,mpkcb21,2026-04-23,16:34:07,-07:00,2026-04-23T16:34:07-07:00,0,35
style.css,184,css,e0b5e1bd,mpkcb21,2026-04-23,16:34:07,-07:00,2026-04-23T16:34:07-07:00,1,24
style.css,185,css,e0b5e1bd,mpkcb21,2026-04-23,16:34:07,-07:00,2026-04-23T16:34:07-07:00,2,28
style.css,186,css,e0b5e1bd,mpkcb21,2026-04-23,16:34:07,-07:00,2026-04-23T16:34:07-07:00,1,0
style.css,187,css,e0b5e1bd,mpkcb21,2026-04-23,16:34:07,-07:00,2026-04-23T16:34:07-07:00,0,0
style.css,188,css,e0b5e1bd,mpkcb21,2026-04-23,16:34:07,-07:00,2026-04-23T16:34:07-07:00,1,17
style.css,189,css,e0b5e1bd,mpkcb21,2026-04-23,16:34:07,-07:00,2026-04-23T16:34:07-07:00,2,23
style.css,190,css,e0b5e1bd,mpkcb21,2026-04-23,16:34:07,-07:00,2026-04-23T16:34:07-07:00,1,0
style.css,191,css,e0b5e1bd,mpkcb21,2026-04-23,16:34:07,-07:00,2026-04-23T16:34:07-07:00,0,0
style.css,192,css,e0b5e1bd,mpkcb21,2026-04-23,16:34:07,-07:00,2026-04-23T16:34:07-07:00,0,0
style.css,193,css,e0b5e1bd,mpkcb21,2026-04-23,16:34:07,-07:00,2026-04-23T16:34:07-07:00,0,58
style.css,194,css,e0b5e1bd,mpkcb21,2026-04-23,16:34:07,-07:00,2026-04-23T16:34:07-07:00,1,28
style.css,195,css,085379fd,mpkcb21,2026-04-23,16:17:50,-07:00,2026-04-23T16:17:50-07:00,0,0
style.css,196,css,085379fd,mpkcb21,2026-04-23,16:17:50,-07:00,2026-04-23T16:17:50-07:00,0,0
style.css,197,css,d09ff904,mpkcb21,2026-04-23,16:30:50,-07:00,2026-04-23T16:30:50-07:00,0,51
style.css,198,css,e0b5e1bd,mpkcb21,2026-04-23,16:34:07,-07:00,2026-04-23T16:34:07-07:00,1,23
style.css,199,css,e0b5e1bd,mpkcb21,2026-04-23,16:34:07,-07:00,2026-04-23T16:34:07-07:00,0,0
style.css,200,css,e0b5e1bd,mpkcb21,2026-04-23,16:34:07,-07:00,2026-04-23T16:34:07-07:00,0,0
style.css,201,css,e0b5e1bd,mpkcb21,2026-04-23,16:34:07,-07:00,2026-04-23T16:34:07-07:00,0,59
style.css,202,css,e0b5e1bd,mpkcb21,2026-04-23,16:34:07,-07:00,2026-04-23T16:34:07-07:00,1,28
style.css,203,css,e0b5e1bd,mpkcb21,2026-04-23,16:34:07,-07:00,2026-04-23T16:34:07-07:00,0,0
style.css,204,css,e0b5e1bd,mpkcb21,2026-04-23,16:34:07,-07:00,2026-04-23T16:34:07-07:00,0,0
style.css,205,css,e0b5e1bd,mpkcb21,2026-04-23,16:34:07,-07:00,2026-04-23T16:34:07-07:00,0,52
style.css,206,css,e0b5e1bd,mpkcb21,2026-04-23,16:34:07,-07:00,2026-04-23T16:34:07-07:00,1,23
style.css,207,css,c0dd733e,mpkcb21,2026-04-30,09:53:29,-07:00,2026-04-30T09:53:29-07:00,0,0
style.css,208,css,c0dd733e,mpkcb21,2026-04-30,09:53:29,-07:00,2026-04-30T09:53:29-07:00,0,18
style.css,209,css,c0dd733e,mpkcb21,2026-04-30,09:53:29,-07:00,2026-04-30T09:53:29-07:00,1,14
style.css,210,css,c0dd733e,mpkcb21,2026-04-30,09:53:29,-07:00,2026-04-30T09:53:29-07:00,1,16
style.css,211,css,c0dd733e,mpkcb21,2026-04-30,09:53:29,-07:00,2026-04-30T09:53:29-07:00,1,16
style.css,212,css,50fde93b,mpkcb21,2026-04-30,10:17:57,-07:00,2026-04-30T10:17:57-07:00,0,0
style.css,213,css,50fde93b,mpkcb21,2026-04-30,10:17:57,-07:00,2026-04-30T10:17:57-07:00,0,7
style.css,214,css,50fde93b,mpkcb21,2026-04-30,10:17:57,-07:00,2026-04-30T10:17:57-07:00,1,12
style.css,215,css,50fde93b,mpkcb21,2026-04-30,10:17:57,-07:00,2026-04-30T10:17:57-07:00,1,57
style.css,216,css,50fde93b,mpkcb21,2026-04-30,10:17:57,-07:00,2026-04-30T10:17:57-07:00,1,7
style.css,217,css,50fde93b,mpkcb21,2026-04-30,10:17:57,-07:00,2026-04-30T10:17:57-07:00,1,11
style.css,218,css,50fde93b,mpkcb21,2026-04-30,10:17:57,-07:00,2026-04-30T10:17:57-07:00,1,8
style.css,219,css,50fde93b,mpkcb21,2026-04-30,10:17:57,-07:00,2026-04-30T10:17:57-07:00,1,41
style.css,220,css,50fde93b,mpkcb21,2026-04-30,10:17:57,-07:00,2026-04-30T10:17:57-07:00,1,15
style.css,221,css,50fde93b,mpkcb21,2026-04-30,10:17:57,-07:00,2026-04-30T10:17:57-07:00,0,0
style.css,222,css,50fde93b,mpkcb21,2026-04-30,10:17:57,-07:00,2026-04-30T10:17:57-07:00,0,0
style.css,223,css,50fde93b,mpkcb21,2026-04-30,10:17:57,-07:00,2026-04-30T10:17:57-07:00,0,12
style.css,224,css,50fde93b,mpkcb21,2026-04-30,10:17:57,-07:00,2026-04-30T10:17:57-07:00,1,12
style.css,225,css,50fde93b,mpkcb21,2026-04-30,10:17:57,-07:00,2026-04-30T10:17:57-07:00,1,18
style.css,226,css,50fde93b,mpkcb21,2026-04-30,10:17:57,-07:00,2026-04-30T10:17:57-07:00,1,9
style.css,227,css,50fde93b,mpkcb21,2026-04-30,10:17:57,-07:00,2026-04-30T10:17:57-07:00,0,0
style.css,228,css,50fde93b,mpkcb21,2026-04-30,10:17:57,-07:00,2026-04-30T10:17:57-07:00,0,0
style.css,229,css,50fde93b,mpkcb21,2026-04-30,10:17:57,-07:00,2026-04-30T10:17:57-07:00,0,7
style.css,230,css,50fde93b,mpkcb21,2026-04-30,10:17:57,-07:00,2026-04-30T10:17:57-07:00,1,20
style.css,231,css,50fde93b,mpkcb21,2026-04-30,10:17:57,-07:00,2026-04-30T10:17:57-07:00,1,9
style.css,232,css,50fde93b,mpkcb21,2026-04-30,10:17:57,-07:00,2026-04-30T10:17:57-07:00,1,18
style.css,233,css,50fde93b,mpkcb21,2026-04-30,10:17:57,-07:00,2026-04-30T10:17:57-07:00,1,17
style.css,234,css,50fde93b,mpkcb21,2026-04-30,10:17:57,-07:00,2026-04-30T10:17:57-07:00,1,29
style.css,235,css,19582612,mpkcb21,2026-04-30,10:25:57,-07:00,2026-04-30T10:25:57-07:00,0,0
style.css,236,css,19582612,mpkcb21,2026-04-30,10:25:57,-07:00,2026-04-30T10:25:57-07:00,0,16
style.css,237,css,19582612,mpkcb21,2026-04-30,10:25:57,-07:00,2026-04-30T10:25:57-07:00,1,12
style.css,238,css,19582612,mpkcb21,2026-04-30,10:25:57,-07:00,2026-04-30T10:25:57-07:00,1,18
style.css,239,css,19582612,mpkcb21,2026-04-30,10:25:57,-07:00,2026-04-30T10:25:57-07:00,1,7
style.css,240,css,19582612,mpkcb21,2026-04-30,10:25:57,-07:00,2026-04-30T10:25:57-07:00,1,16
style.css,241,css,19582612,mpkcb21,2026-04-30,10:25:57,-07:00,2026-04-30T10:25:57-07:00,0,0
style.css,242,css,19582612,mpkcb21,2026-04-30,10:25:57,-07:00,2026-04-30T10:25:57-07:00,0,0
style.css,243,css,19582612,mpkcb21,2026-04-30,10:25:57,-07:00,2026-04-30T10:25:57-07:00,0,7
style.css,244,css,19582612,mpkcb21,2026-04-30,10:25:57,-07:00,2026-04-30T10:25:57-07:00,1,6
style.css,245,css,36099ff2,mpkcb21,2026-04-30,10:35:41,-07:00,2026-04-30T10:35:41-07:00,0,0
style.css,246,css,36099ff2,mpkcb21,2026-04-30,10:35:41,-07:00,2026-04-30T10:35:41-07:00,0,4
style.css,247,css,36099ff2,mpkcb21,2026-04-30,10:35:41,-07:00,2026-04-30T10:35:41-07:00,1,14
style.css,248,css,36099ff2,mpkcb21,2026-04-30,10:35:41,-07:00,2026-04-30T10:35:41-07:00,1,16
style.css,249,css,36099ff2,mpkcb21,2026-04-30,10:35:41,-07:00,2026-04-30T10:35:41-07:00,0,0
style.css,250,css,36099ff2,mpkcb21,2026-04-30,10:35:41,-07:00,2026-04-30T10:35:41-07:00,0,0
style.css,251,css,36099ff2,mpkcb21,2026-04-30,10:35:41,-07:00,2026-04-30T10:35:41-07:00,0,9
style.css,252,css,36099ff2,mpkcb21,2026-04-30,10:35:41,-07:00,2026-04-30T10:35:41-07:00,1,35
style.css,253,css,36099ff2,mpkcb21,2026-04-30,10:35:41,-07:00,2026-04-30T10:35:41-07:00,0,0
style.css,254,css,36099ff2,mpkcb21,2026-04-30,10:35:41,-07:00,2026-04-30T10:35:41-07:00,0,0
style.css,255,css,36099ff2,mpkcb21,2026-04-30,10:35:41,-07:00,2026-04-30T10:35:41-07:00,0,18
style.css,256,css,36099ff2,mpkcb21,2026-04-30,10:35:41,-07:00,2026-04-30T10:35:41-07:00,1,17
style.css,257,css,36099ff2,mpkcb21,2026-04-30,10:35:41,-07:00,2026-04-30T10:35:41-07:00,0,0
style.css,258,css,36099ff2,mpkcb21,2026-04-30,10:35:41,-07:00,2026-04-30T10:35:41-07:00,0,0
style.css,259,css,36099ff2,mpkcb21,2026-04-30,10:35:41,-07:00,2026-04-30T10:35:41-07:00,0,36
style.css,260,css,36099ff2,mpkcb21,2026-04-30,10:35:41,-07:00,2026-04-30T10:35:41-07:00,1,11
style.css,261,css,dfa44306,mpkcb21,2026-04-30,10:51:11,-07:00,2026-04-30T10:51:11-07:00,0,0
style.css,262,css,dfa44306,mpkcb21,2026-04-30,10:51:11,-07:00,2026-04-30T10:51:11-07:00,0,10
style.css,263,css,dfa44306,mpkcb21,2026-04-30,10:51:11,-07:00,2026-04-30T10:51:11-07:00,1,10
style.css,264,css,dfa44306,mpkcb21,2026-04-30,10:51:11,-07:00,2026-04-30T10:51:11-07:00,1,18
style.css,265,css,dfa44306,mpkcb21,2026-04-30,10:51:11,-07:00,2026-04-30T10:51:11-07:00,1,12
style.css,266,css,dfa44306,mpkcb21,2026-04-30,10:51:11,-07:00,2026-04-30T10:51:11-07:00,1,41
style.css,267,css,dfa44306,mpkcb21,2026-04-30,10:51:11,-07:00,2026-04-30T10:51:11-07:00,1,19
style.css,268,css,dfa44306,mpkcb21,2026-04-30,10:51:11,-07:00,2026-04-30T10:51:11-07:00,1,22
style.css,269,css,dfa44306,mpkcb21,2026-04-30,10:51:11,-07:00,2026-04-30T10:51:11-07:00,1,13
style.css,270,css,dfa44306,mpkcb21,2026-04-30,10:51:11,-07:00,2026-04-30T10:51:11-07:00,1,16
style.css,271,css,dfa44306,mpkcb21,2026-04-30,10:51:11,-07:00,2026-04-30T10:51:11-07:00,1,21
style.css,272,css,dfa44306,mpkcb21,2026-04-30,10:51:11,-07:00,2026-04-30T10:51:11-07:00,0,0
style.css,273,css,dfa44306,mpkcb21,2026-04-30,10:51:11,-07:00,2026-04-30T10:51:11-07:00,0,0
style.css,274,css,dfa44306,mpkcb21,2026-04-30,10:51:11,-07:00,2026-04-30T10:51:11-07:00,0,16
style.css,275,css,dfa44306,mpkcb21,2026-04-30,10:51:11,-07:00,2026-04-30T10:51:11-07:00,1,12
style.css,276,css,dfa44306,mpkcb21,2026-04-30,10:51:11,-07:00,2026-04-30T10:51:11-07:00,1,32
style.css,277,css,6d164e22,mpkcb21,2026-04-03,19:18:22,-07:00,2026-04-03T19:18:22-07:00,0,0
index.js,1,js,23fea218,mpkcb21,2026-04-23,15:35:39,-07:00,2026-04-23T15:35:39-07:00,0,71
index.js,2,js,4f594f43,mpkcb21,2026-04-23,15:31:16,-07:00,2026-04-23T15:31:16-07:00,0,0
index.js,3,js,4f594f43,mpkcb21,2026-04-23,15:31:16,-07:00,2026-04-23T15:31:16-07:00,0,54
index.js,4,js,4f594f43,mpkcb21,2026-04-23,15:31:16,-07:00,2026-04-23T15:31:16-07:00,0,42
index.js,5,js,4f594f43,mpkcb21,2026-04-23,15:31:16,-07:00,2026-04-23T15:31:16-07:00,0,0
index.js,6,js,4f594f43,mpkcb21,2026-04-23,15:31:16,-07:00,2026-04-23T15:31:16-07:00,0,60
index.js,7,js,23fea218,mpkcb21,2026-04-23,15:35:39,-07:00,2026-04-23T15:35:39-07:00,0,54
index.js,8,js,23fea218,mpkcb21,2026-04-23,15:35:39,-07:00,2026-04-23T15:35:39-07:00,0,0
index.js,9,js,23fea218,mpkcb21,2026-04-23,15:35:39,-07:00,2026-04-23T15:35:39-07:00,0,50
index.js,10,js,23fea218,mpkcb21,2026-04-23,15:35:39,-07:00,2026-04-23T15:35:39-07:00,0,0
index.js,11,js,23fea218,mpkcb21,2026-04-23,15:35:39,-07:00,2026-04-23T15:35:39-07:00,0,60
index.js,12,js,23fea218,mpkcb21,2026-04-23,15:35:39,-07:00,2026-04-23T15:35:39-07:00,0,17
index.js,13,js,23fea218,mpkcb21,2026-04-23,15:35:39,-07:00,2026-04-23T15:35:39-07:00,1,24
index.js,14,js,23fea218,mpkcb21,2026-04-23,15:35:39,-07:00,2026-04-23T15:35:39-07:00,2,2
index.js,15,js,464d608e,mpkcb21,2026-04-23,16:08:15,-07:00,2026-04-23T16:08:15-07:00,3,20
index.js,16,js,464d608e,mpkcb21,2026-04-23,16:08:15,-07:00,2026-04-23T16:08:15-07:00,4,19
index.js,17,js,464d608e,mpkcb21,2026-04-23,16:08:15,-07:00,2026-04-23T16:08:15-07:00,4,33
index.js,18,js,464d608e,mpkcb21,2026-04-23,16:08:15,-07:00,2026-04-23T16:08:15-07:00,3,4
index.js,19,js,464d608e,mpkcb21,2026-04-23,16:08:15,-07:00,2026-04-23T16:08:15-07:00,3,20
index.js,20,js,464d608e,mpkcb21,2026-04-23,16:08:15,-07:00,2026-04-23T16:08:15-07:00,4,19
index.js,21,js,464d608e,mpkcb21,2026-04-23,16:08:15,-07:00,2026-04-23T16:08:15-07:00,4,33
index.js,22,js,464d608e,mpkcb21,2026-04-23,16:08:15,-07:00,2026-04-23T16:08:15-07:00,3,4
index.js,23,js,464d608e,mpkcb21,2026-04-23,16:08:15,-07:00,2026-04-23T16:08:15-07:00,3,20
index.js,24,js,464d608e,mpkcb21,2026-04-23,16:08:15,-07:00,2026-04-23T16:08:15-07:00,4,16
index.js,25,js,464d608e,mpkcb21,2026-04-23,16:08:15,-07:00,2026-04-23T16:08:15-07:00,4,30
index.js,26,js,464d608e,mpkcb21,2026-04-23,16:08:15,-07:00,2026-04-23T16:08:15-07:00,3,4
index.js,27,js,464d608e,mpkcb21,2026-04-23,16:08:15,-07:00,2026-04-23T16:08:15-07:00,3,20
index.js,28,js,464d608e,mpkcb21,2026-04-23,16:08:15,-07:00,2026-04-23T16:08:15-07:00,4,16
index.js,29,js,464d608e,mpkcb21,2026-04-23,16:08:15,-07:00,2026-04-23T16:08:15-07:00,4,30
index.js,30,js,464d608e,mpkcb21,2026-04-23,16:08:15,-07:00,2026-04-23T16:08:15-07:00,3,4
index.js,31,js,23fea218,mpkcb21,2026-04-23,15:35:39,-07:00,2026-04-23T15:35:39-07:00,2,3
index.js,32,js,23fea218,mpkcb21,2026-04-23,15:35:39,-07:00,2026-04-23T15:35:39-07:00,1,0
index.js,33,js,23fea218,mpkcb21,2026-04-23,15:35:39,-07:00,2026-04-23T15:35:39-07:00,0,0
index.html,1,html,77f732e6,mpkcb21,2026-04-03,18:17:47,-07:00,2026-04-03T18:17:47-07:00,0,13
index.html,2,html,77f732e6,mpkcb21,2026-04-03,18:17:47,-07:00,2026-04-03T18:17:47-07:00,0,14
index.html,3,html,77f732e6,mpkcb21,2026-04-03,18:17:47,-07:00,2026-04-03T18:17:47-07:00,0,4
index.html,4,html,77f732e6,mpkcb21,2026-04-03,18:17:47,-07:00,2026-04-03T18:17:47-07:00,2,20
index.html,5,html,77f732e6,mpkcb21,2026-04-03,18:17:47,-07:00,2026-04-03T18:17:47-07:00,2,68
index.html,6,html,d8353ec1,mpkcb21,2026-04-03,19:55:09,-07:00,2026-04-03T19:55:09-07:00,2,41
index.html,7,html,d8353ec1,mpkcb21,2026-04-03,19:55:09,-07:00,2026-04-03T19:55:09-07:00,2,38
index.html,8,html,65a8baa4,mpkcb21,2026-04-03,19:23:31,-07:00,2026-04-03T19:23:31-07:00,0,5
index.html,9,html,77f732e6,mpkcb21,2026-04-03,18:17:47,-07:00,2026-04-03T18:17:47-07:00,0,4
index.html,10,html,65a8baa4,mpkcb21,2026-04-03,19:23:31,-07:00,2026-04-03T19:23:31-07:00,2,35
index.html,11,html,8851555e,mpkcb21,2026-04-10,21:25:30,-07:00,2026-04-10T21:25:30-07:00,2,66
index.html,12,html,80eef0cb,mpkcb21,2026-04-10,20:51:30,-07:00,2026-04-10T20:51:30-07:00,2,249
index.html,13,html,4f594f43,mpkcb21,2026-04-23,15:31:16,-07:00,2026-04-23T15:31:16-07:00,0,0
index.html,14,html,8037a657,mpkcb21,2026-04-23,15:39:51,-07:00,2026-04-23T15:39:51-07:00,2,22
index.html,15,html,d1243ac3,mpkcb21,2026-04-23,15:43:07,-07:00,2026-04-23T15:43:07-07:00,2,28
index.html,16,html,23fea218,mpkcb21,2026-04-23,15:35:39,-07:00,2026-04-23T15:35:39-07:00,0,0
index.html,17,html,4f594f43,mpkcb21,2026-04-23,15:31:16,-07:00,2026-04-23T15:31:16-07:00,2,22
index.html,18,html,4f594f43,mpkcb21,2026-04-23,15:31:16,-07:00,2026-04-23T15:31:16-07:00,2,26
index.html,19,html,4f594f43,mpkcb21,2026-04-23,15:31:16,-07:00,2026-04-23T15:31:16-07:00,0,0
index.html,20,html,4f594f43,mpkcb21,2026-04-23,15:31:16,-07:00,2026-04-23T15:31:16-07:00,2,44
index.html,21,html,77f732e6,mpkcb21,2026-04-03,18:17:47,-07:00,2026-04-03T18:17:47-07:00,0,5
index.html,22,html,77f732e6,mpkcb21,2026-04-03,18:17:47,-07:00,2026-04-03T18:17:47-07:00,0,5
global.js,1,js,96ca2bd4,mpkcb21,2026-04-16,18:18:02,-07:00,2026-04-16T18:18:02-07:00,0,25
global.js,2,js,f4b67f3d,mpkcb21,2026-04-16,17:38:51,-07:00,2026-04-16T17:38:51-07:00,0,0
global.js,3,js,f4b67f3d,mpkcb21,2026-04-16,17:38:51,-07:00,2026-04-16T17:38:51-07:00,0,41
global.js,4,js,f4b67f3d,mpkcb21,2026-04-16,17:38:51,-07:00,2026-04-16T17:38:51-07:00,1,52
global.js,5,js,d4dca171,mpkcb21,2026-04-16,17:44:48,-07:00,2026-04-16T17:44:48-07:00,0,0
global.js,6,js,96ca2bd4,mpkcb21,2026-04-16,18:18:02,-07:00,2026-04-16T18:18:02-07:00,0,0
global.js,7,js,f9e07738,mpkcb21,2026-04-16,17:59:06,-07:00,2026-04-16T17:59:06-07:00,0,88
global.js,8,js,f9e07738,mpkcb21,2026-04-16,17:59:06,-07:00,2026-04-16T17:59:06-07:00,1,3
global.js,9,js,f9e07738,mpkcb21,2026-04-16,17:59:06,-07:00,2026-04-16T17:59:06-07:00,1,14
global.js,10,js,d4dca171,mpkcb21,2026-04-16,17:44:48,-07:00,2026-04-16T17:44:48-07:00,0,0
global.js,11,js,f9e07738,mpkcb21,2026-04-16,17:59:06,-07:00,2026-04-16T17:59:06-07:00,0,11
global.js,12,js,f9e07738,mpkcb21,2026-04-16,17:59:06,-07:00,2026-04-16T17:59:06-07:00,1,25
global.js,13,js,f9e07738,mpkcb21,2026-04-16,17:59:06,-07:00,2026-04-16T17:59:06-07:00,1,38
global.js,14,js,f9e07738,mpkcb21,2026-04-16,17:59:06,-07:00,2026-04-16T17:59:06-07:00,1,36
global.js,15,js,f9e07738,mpkcb21,2026-04-16,17:59:06,-07:00,2026-04-16T17:59:06-07:00,1,26
global.js,16,js,f9e07738,mpkcb21,2026-04-16,17:59:06,-07:00,2026-04-16T17:59:06-07:00,1,54
global.js,17,js,f9e07738,mpkcb21,2026-04-16,17:59:06,-07:00,2026-04-16T17:59:06-07:00,0,0
global.js,18,js,d4dca171,mpkcb21,2026-04-16,17:44:48,-07:00,2026-04-16T17:44:48-07:00,0,0
global.js,19,js,f9e07738,mpkcb21,2026-04-16,17:59:06,-07:00,2026-04-16T17:59:06-07:00,0,38
global.js,20,js,f9e07738,mpkcb21,2026-04-16,17:59:06,-07:00,2026-04-16T17:59:06-07:00,0,25
global.js,21,js,f9e07738,mpkcb21,2026-04-16,17:59:06,-07:00,2026-04-16T17:59:06-07:00,0,0
global.js,22,js,f9e07738,mpkcb21,2026-04-16,17:59:06,-07:00,2026-04-16T17:59:06-07:00,0,20
global.js,23,js,f9e07738,mpkcb21,2026-04-16,17:59:06,-07:00,2026-04-16T17:59:06-07:00,1,14
global.js,24,js,f9e07738,mpkcb21,2026-04-16,17:59:06,-07:00,2026-04-16T17:59:06-07:00,1,18
global.js,25,js,f9e07738,mpkcb21,2026-04-16,17:59:06,-07:00,2026-04-16T17:59:06-07:00,0,0
global.js,26,js,f9e07738,mpkcb21,2026-04-16,17:59:06,-07:00,2026-04-16T17:59:06-07:00,1,52
global.js,27,js,f9e07738,mpkcb21,2026-04-16,17:59:06,-07:00,2026-04-16T17:59:06-07:00,0,0
global.js,28,js,f9e07738,mpkcb21,2026-04-16,17:59:06,-07:00,2026-04-16T17:59:06-07:00,1,34
global.js,29,js,f9e07738,mpkcb21,2026-04-16,17:59:06,-07:00,2026-04-16T17:59:06-07:00,1,11
global.js,30,js,f9e07738,mpkcb21,2026-04-16,17:59:06,-07:00,2026-04-16T17:59:06-07:00,1,20
global.js,31,js,f9e07738,mpkcb21,2026-04-16,17:59:06,-07:00,2026-04-16T17:59:06-07:00,1,12
global.js,32,js,f9e07738,mpkcb21,2026-04-16,17:59:06,-07:00,2026-04-16T17:59:06-07:00,0,0
global.js,33,js,f9e07738,mpkcb21,2026-04-16,17:59:06,-07:00,2026-04-16T17:59:06-07:00,1,65
global.js,34,js,f9e07738,mpkcb21,2026-04-16,17:59:06,-07:00,2026-04-16T17:59:06-07:00,2,25
global.js,35,js,f9e07738,mpkcb21,2026-04-16,17:59:06,-07:00,2026-04-16T17:59:06-07:00,1,0
global.js,36,js,f9e07738,mpkcb21,2026-04-16,17:59:06,-07:00,2026-04-16T17:59:06-07:00,0,0
global.js,37,js,f9e07738,mpkcb21,2026-04-16,17:59:06,-07:00,2026-04-16T17:59:06-07:00,1,29
global.js,38,js,f9e07738,mpkcb21,2026-04-16,17:59:06,-07:00,2026-04-16T17:59:06-07:00,2,18
global.js,39,js,f9e07738,mpkcb21,2026-04-16,17:59:06,-07:00,2026-04-16T17:59:06-07:00,1,0
global.js,40,js,96ca2bd4,mpkcb21,2026-04-16,18:18:02,-07:00,2026-04-16T18:18:02-07:00,0,0
global.js,41,js,96ca2bd4,mpkcb21,2026-04-16,18:18:02,-07:00,2026-04-16T18:18:02-07:00,0,0
global.js,42,js,96ca2bd4,mpkcb21,2026-04-16,18:18:02,-07:00,2026-04-16T18:18:02-07:00,0,31
global.js,43,js,96ca2bd4,mpkcb21,2026-04-16,18:18:02,-07:00,2026-04-16T18:18:02-07:00,1,11
global.js,44,js,96ca2bd4,mpkcb21,2026-04-16,18:18:02,-07:00,2026-04-16T18:18:02-07:00,1,27
global.js,45,js,96ca2bd4,mpkcb21,2026-04-16,18:18:02,-07:00,2026-04-16T18:18:02-07:00,2,4
global.js,46,js,96ca2bd4,mpkcb21,2026-04-16,18:18:02,-07:00,2026-04-16T18:18:02-07:00,2,6
global.js,47,js,96ca2bd4,mpkcb21,2026-04-16,18:18:02,-07:00,2026-04-16T18:18:02-07:00,3,43
global.js,48,js,96ca2bd4,mpkcb21,2026-04-16,18:18:02,-07:00,2026-04-16T18:18:02-07:00,3,34
global.js,49,js,96ca2bd4,mpkcb21,2026-04-16,18:18:02,-07:00,2026-04-16T18:18:02-07:00,3,32
global.js,50,js,96ca2bd4,mpkcb21,2026-04-16,18:18:02,-07:00,2026-04-16T18:18:02-07:00,2,7
global.js,51,js,96ca2bd4,mpkcb21,2026-04-16,18:18:02,-07:00,2026-04-16T18:18:02-07:00,1,8
global.js,52,js,96ca2bd4,mpkcb21,2026-04-16,18:18:02,-07:00,2026-04-16T18:18:02-07:00,0,0
global.js,53,js,96ca2bd4,mpkcb21,2026-04-16,18:18:02,-07:00,2026-04-16T18:18:02-07:00,0,0
global.js,54,js,96ca2bd4,mpkcb21,2026-04-16,18:18:02,-07:00,2026-04-16T18:18:02-07:00,0,58
global.js,55,js,96ca2bd4,mpkcb21,2026-04-16,18:18:02,-07:00,2026-04-16T18:18:02-07:00,0,0
global.js,56,js,96ca2bd4,mpkcb21,2026-04-16,18:18:02,-07:00,2026-04-16T18:18:02-07:00,0,34
global.js,57,js,96ca2bd4,mpkcb21,2026-04-16,18:18:02,-07:00,2026-04-16T18:18:02-07:00,1,83
global.js,58,js,96ca2bd4,mpkcb21,2026-04-16,18:18:02,-07:00,2026-04-16T18:18:02-07:00,1,38
global.js,59,js,96ca2bd4,mpkcb21,2026-04-16,18:18:02,-07:00,2026-04-16T18:18:02-07:00,0,0
global.js,60,js,96ca2bd4,mpkcb21,2026-04-16,18:18:02,-07:00,2026-04-16T18:18:02-07:00,0,0
global.js,61,js,96ca2bd4,mpkcb21,2026-04-16,18:18:02,-07:00,2026-04-16T18:18:02-07:00,0,49
global.js,62,js,96ca2bd4,mpkcb21,2026-04-16,18:18:02,-07:00,2026-04-16T18:18:02-07:00,1,77
global.js,63,js,96ca2bd4,mpkcb21,2026-04-16,18:18:02,-07:00,2026-04-16T18:18:02-07:00,1,44
global.js,64,js,10a0fbc4,mpkcb21,2026-04-23,15:09:22,-07:00,2026-04-23T15:09:22-07:00,0,1
global.js,65,js,10a0fbc4,mpkcb21,2026-04-23,15:09:22,-07:00,2026-04-23T15:09:22-07:00,0,36
global.js,66,js,10a0fbc4,mpkcb21,2026-04-23,15:09:22,-07:00,2026-04-23T15:09:22-07:00,1,3
global.js,67,js,10a0fbc4,mpkcb21,2026-04-23,15:09:22,-07:00,2026-04-23T15:09:22-07:00,2,32
global.js,68,js,10a0fbc4,mpkcb21,2026-04-23,15:09:22,-07:00,2026-04-23T15:09:22-07:00,0,0
global.js,69,js,10a0fbc4,mpkcb21,2026-04-23,15:09:22,-07:00,2026-04-23T15:09:22-07:00,2,17
global.js,70,js,10a0fbc4,mpkcb21,2026-04-23,15:09:22,-07:00,2026-04-23T15:09:22-07:00,3,57
global.js,71,js,10a0fbc4,mpkcb21,2026-04-23,15:09:22,-07:00,2026-04-23T15:09:22-07:00,2,0
global.js,72,js,10a0fbc4,mpkcb21,2026-04-23,15:09:22,-07:00,2026-04-23T15:09:22-07:00,0,0
global.js,73,js,10a0fbc4,mpkcb21,2026-04-23,15:09:22,-07:00,2026-04-23T15:09:22-07:00,2,33
global.js,74,js,10a0fbc4,mpkcb21,2026-04-23,15:09:22,-07:00,2026-04-23T15:09:22-07:00,2,10
global.js,75,js,10a0fbc4,mpkcb21,2026-04-23,15:09:22,-07:00,2026-04-23T15:09:22-07:00,0,0
global.js,76,js,10a0fbc4,mpkcb21,2026-04-23,15:09:22,-07:00,2026-04-23T15:09:22-07:00,1,15
global.js,77,js,10a0fbc4,mpkcb21,2026-04-23,15:09:22,-07:00,2026-04-23T15:09:22-07:00,2,59
global.js,78,js,10a0fbc4,mpkcb21,2026-04-23,15:09:22,-07:00,2026-04-23T15:09:22-07:00,1,0
global.js,79,js,b38022ad,mpkcb21,2026-04-23,15:12:16,-07:00,2026-04-23T15:12:16-07:00,0,0
global.js,80,js,b38022ad,mpkcb21,2026-04-23,15:12:16,-07:00,2026-04-23T15:12:16-07:00,0,79
global.js,81,js,b38022ad,mpkcb21,2026-04-23,15:12:16,-07:00,2026-04-23T15:12:16-07:00,1,30
global.js,82,js,b38022ad,mpkcb21,2026-04-23,15:12:16,-07:00,2026-04-23T15:12:16-07:00,0,0
global.js,83,js,b38022ad,mpkcb21,2026-04-23,15:12:16,-07:00,2026-04-23T15:12:16-07:00,1,31
global.js,84,js,b38022ad,mpkcb21,2026-04-23,15:12:16,-07:00,2026-04-23T15:12:16-07:00,2,48
global.js,85,js,b38022ad,mpkcb21,2026-04-23,15:12:16,-07:00,2026-04-23T15:12:16-07:00,0,0
global.js,86,js,b38022ad,mpkcb21,2026-04-23,15:12:16,-07:00,2026-04-23T15:12:16-07:00,2,19
global.js,87,js,b38022ad,mpkcb21,2026-04-23,15:12:16,-07:00,2026-04-23T15:12:16-07:00,3,49
global.js,88,js,b38022ad,mpkcb21,2026-04-23,15:12:16,-07:00,2026-04-23T15:12:16-07:00,3,49
global.js,89,js,b38022ad,mpkcb21,2026-04-23,15:12:16,-07:00,2026-04-23T15:12:16-07:00,3,27
global.js,90,js,b38022ad,mpkcb21,2026-04-23,15:12:16,-07:00,2026-04-23T15:12:16-07:00,2,0
global.js,91,js,b38022ad,mpkcb21,2026-04-23,15:12:16,-07:00,2026-04-23T15:12:16-07:00,0,0
global.js,92,js,b38022ad,mpkcb21,2026-04-23,15:12:16,-07:00,2026-04-23T15:12:16-07:00,2,36
global.js,93,js,b38022ad,mpkcb21,2026-04-23,15:12:16,-07:00,2026-04-23T15:12:16-07:00,1,0
global.js,94,js,23fea218,mpkcb21,2026-04-23,15:35:39,-07:00,2026-04-23T15:35:39-07:00,0,0
global.js,95,js,23fea218,mpkcb21,2026-04-23,15:35:39,-07:00,2026-04-23T15:35:39-07:00,0,47
global.js,96,js,23fea218,mpkcb21,2026-04-23,15:35:39,-07:00,2026-04-23T15:35:39-07:00,1,59
global.js,97,js,10a0fbc4,mpkcb21,2026-04-23,15:09:22,-07:00,2026-04-23T15:09:22-07:00,0,0
projects/projects.js,1,js,c0dd733e,mpkcb21,2026-04-30,09:53:29,-07:00,2026-04-30T09:53:29-07:00,0,63
projects/projects.js,2,js,2fe21fe7,mpkcb21,2026-04-23,15:10:20,-07:00,2026-04-23T15:10:20-07:00,0,55
projects/projects.js,3,js,2fe21fe7,mpkcb21,2026-04-23,15:10:20,-07:00,2026-04-23T15:10:20-07:00,0,0
projects/projects.js,4,js,2fe21fe7,mpkcb21,2026-04-23,15:10:20,-07:00,2026-04-23T15:10:20-07:00,0,55
projects/projects.js,5,js,2fe21fe7,mpkcb21,2026-04-23,15:10:20,-07:00,2026-04-23T15:10:20-07:00,0,60
projects/projects.js,6,js,2fe21fe7,mpkcb21,2026-04-23,15:10:20,-07:00,2026-04-23T15:10:20-07:00,0,0
projects/projects.js,7,js,3a01ba84,mpkcb21,2026-04-23,15:17:27,-07:00,2026-04-23T15:17:27-07:00,0,48
projects/projects.js,8,js,3a01ba84,mpkcb21,2026-04-23,15:17:27,-07:00,2026-04-23T15:17:27-07:00,0,62
projects/projects.js,9,js,c0dd733e,mpkcb21,2026-04-30,09:53:29,-07:00,2026-04-30T09:53:29-07:00,0,58
projects/projects.js,10,js,e656d443,mpkcb21,2026-04-30,10:31:52,-07:00,2026-04-30T10:31:52-07:00,0,0
projects/projects.js,11,js,c0dd733e,mpkcb21,2026-04-30,09:53:29,-07:00,2026-04-30T09:53:29-07:00,0,57
projects/projects.js,12,js,e656d443,mpkcb21,2026-04-30,10:31:52,-07:00,2026-04-30T10:31:52-07:00,0,47
projects/projects.js,13,js,36099ff2,mpkcb21,2026-04-30,10:35:41,-07:00,2026-04-30T10:35:41-07:00,0,21
projects/projects.js,14,js,f2cec53f,mpkcb21,2026-04-30,10:40:07,-07:00,2026-04-30T10:40:07-07:00,0,13
projects/projects.js,15,js,c6f62a1d,mpkcb21,2026-04-30,16:58:32,-07:00,2026-04-30T16:58:32-07:00,0,19
projects/projects.js,16,js,f2cec53f,mpkcb21,2026-04-30,10:40:07,-07:00,2026-04-30T10:40:07-07:00,0,0
projects/projects.js,17,js,238780a8,mpkcb21,2026-04-30,12:23:12,-07:00,2026-04-30T12:23:12-07:00,0,28
projects/projects.js,18,js,f2cec53f,mpkcb21,2026-04-30,10:40:07,-07:00,2026-04-30T10:40:07-07:00,1,35
projects/projects.js,19,js,f2cec53f,mpkcb21,2026-04-30,10:40:07,-07:00,2026-04-30T10:40:07-07:00,2,59
projects/projects.js,20,js,f2cec53f,mpkcb21,2026-04-30,10:40:07,-07:00,2026-04-30T10:40:07-07:00,2,42
projects/projects.js,21,js,f2cec53f,mpkcb21,2026-04-30,10:40:07,-07:00,2026-04-30T10:40:07-07:00,1,1
projects/projects.js,22,js,f2cec53f,mpkcb21,2026-04-30,10:40:07,-07:00,2026-04-30T10:40:07-07:00,0,0
projects/projects.js,23,js,e656d443,mpkcb21,2026-04-30,10:31:52,-07:00,2026-04-30T10:31:52-07:00,0,0
projects/projects.js,24,js,238780a8,mpkcb21,2026-04-30,12:23:12,-07:00,2026-04-30T12:23:12-07:00,0,23
projects/projects.js,25,js,238780a8,mpkcb21,2026-04-30,12:23:12,-07:00,2026-04-30T12:23:12-07:00,1,33
projects/projects.js,26,js,f9e4b866,mpkcb21,2026-05-01,12:45:40,-07:00,2026-05-01T12:45:40-07:00,1,55
projects/projects.js,27,js,238780a8,mpkcb21,2026-04-30,12:23:12,-07:00,2026-04-30T12:23:12-07:00,2,25
projects/projects.js,28,js,f9e4b866,mpkcb21,2026-05-01,12:45:40,-07:00,2026-05-01T12:45:40-07:00,3,65
projects/projects.js,29,js,238780a8,mpkcb21,2026-04-30,12:23:12,-07:00,2026-04-30T12:23:12-07:00,2,0
projects/projects.js,30,js,238780a8,mpkcb21,2026-04-30,12:23:12,-07:00,2026-04-30T12:23:12-07:00,1,0
projects/projects.js,31,js,238780a8,mpkcb21,2026-04-30,12:23:12,-07:00,2026-04-30T12:23:12-07:00,1,48
projects/projects.js,32,js,238780a8,mpkcb21,2026-04-30,12:23:12,-07:00,2026-04-30T12:23:12-07:00,0,0
projects/projects.js,33,js,238780a8,mpkcb21,2026-04-30,12:23:12,-07:00,2026-04-30T12:23:12-07:00,0,0
projects/projects.js,34,js,e656d443,mpkcb21,2026-04-30,10:31:52,-07:00,2026-04-30T10:31:52-07:00,0,38
projects/projects.js,35,js,e656d443,mpkcb21,2026-04-30,10:31:52,-07:00,2026-04-30T10:31:52-07:00,1,29
projects/projects.js,36,js,e656d443,mpkcb21,2026-04-30,10:31:52,-07:00,2026-04-30T10:31:52-07:00,2,12
projects/projects.js,37,js,e656d443,mpkcb21,2026-04-30,10:31:52,-07:00,2026-04-30T10:31:52-07:00,2,14
projects/projects.js,38,js,e656d443,mpkcb21,2026-04-30,10:31:52,-07:00,2026-04-30T10:31:52-07:00,2,12
projects/projects.js,39,js,e656d443,mpkcb21,2026-04-30,10:31:52,-07:00,2026-04-30T10:31:52-07:00,1,0
projects/projects.js,40,js,c0dd733e,mpkcb21,2026-04-30,09:53:29,-07:00,2026-04-30T09:53:29-07:00,0,0
projects/projects.js,41,js,238780a8,mpkcb21,2026-04-30,12:23:12,-07:00,2026-04-30T12:23:12-07:00,1,50
projects/projects.js,42,js,e656d443,mpkcb21,2026-04-30,10:31:52,-07:00,2026-04-30T10:31:52-07:00,2,35
projects/projects.js,43,js,e656d443,mpkcb21,2026-04-30,10:31:52,-07:00,2026-04-30T10:31:52-07:00,1,1
projects/projects.js,44,js,7366d74d,mpkcb21,2026-04-30,10:28:10,-07:00,2026-04-30T10:28:10-07:00,0,0
projects/projects.js,45,js,e656d443,mpkcb21,2026-04-30,10:31:52,-07:00,2026-04-30T10:31:52-07:00,1,53
projects/projects.js,46,js,238780a8,mpkcb21,2026-04-30,12:23:12,-07:00,2026-04-30T12:23:12-07:00,1,46
projects/projects.js,47,js,e656d443,mpkcb21,2026-04-30,10:31:52,-07:00,2026-04-30T10:31:52-07:00,1,51
projects/projects.js,48,js,7366d74d,mpkcb21,2026-04-30,10:28:10,-07:00,2026-04-30T10:28:10-07:00,0,0
projects/projects.js,49,js,e656d443,mpkcb21,2026-04-30,10:31:52,-07:00,2026-04-30T10:31:52-07:00,1,57
projects/projects.js,50,js,e656d443,mpkcb21,2026-04-30,10:31:52,-07:00,2026-04-30T10:31:52-07:00,1,44
projects/projects.js,51,js,e656d443,mpkcb21,2026-04-30,10:31:52,-07:00,2026-04-30T10:31:52-07:00,0,0
projects/projects.js,52,js,36099ff2,mpkcb21,2026-04-30,10:35:41,-07:00,2026-04-30T10:35:41-07:00,1,40
projects/projects.js,53,js,e656d443,mpkcb21,2026-04-30,10:31:52,-07:00,2026-04-30T10:31:52-07:00,1,29
projects/projects.js,54,js,36099ff2,mpkcb21,2026-04-30,10:35:41,-07:00,2026-04-30T10:35:41-07:00,2,1
projects/projects.js,55,js,e656d443,mpkcb21,2026-04-30,10:31:52,-07:00,2026-04-30T10:31:52-07:00,3,13
projects/projects.js,56,js,e656d443,mpkcb21,2026-04-30,10:31:52,-07:00,2026-04-30T10:31:52-07:00,3,13
projects/projects.js,57,js,36099ff2,mpkcb21,2026-04-30,10:35:41,-07:00,2026-04-30T10:35:41-07:00,3,24
projects/projects.js,58,js,36099ff2,mpkcb21,2026-04-30,10:35:41,-07:00,2026-04-30T10:35:41-07:00,3,53
projects/projects.js,59,js,36099ff2,mpkcb21,2026-04-30,10:35:41,-07:00,2026-04-30T10:35:41-07:00,3,18
projects/projects.js,60,js,f9e4b866,mpkcb21,2026-05-01,12:45:40,-07:00,2026-05-01T12:45:40-07:00,4,47
projects/projects.js,61,js,36099ff2,mpkcb21,2026-04-30,10:35:41,-07:00,2026-04-30T10:35:41-07:00,0,0
projects/projects.js,62,js,36099ff2,mpkcb21,2026-04-30,10:35:41,-07:00,2026-04-30T10:35:41-07:00,4,1
projects/projects.js,63,js,36099ff2,mpkcb21,2026-04-30,10:35:41,-07:00,2026-04-30T10:35:41-07:00,5,16
projects/projects.js,64,js,36099ff2,mpkcb21,2026-04-30,10:35:41,-07:00,2026-04-30T10:35:41-07:00,5,64
projects/projects.js,65,js,36099ff2,mpkcb21,2026-04-30,10:35:41,-07:00,2026-04-30T10:35:41-07:00,0,0
projects/projects.js,66,js,36099ff2,mpkcb21,2026-04-30,10:35:41,-07:00,2026-04-30T10:35:41-07:00,4,18
projects/projects.js,67,js,36099ff2,mpkcb21,2026-04-30,10:35:41,-07:00,2026-04-30T10:35:41-07:00,5,14
projects/projects.js,68,js,36099ff2,mpkcb21,2026-04-30,10:35:41,-07:00,2026-04-30T10:35:41-07:00,5,22
projects/projects.js,69,js,36099ff2,mpkcb21,2026-04-30,10:35:41,-07:00,2026-04-30T10:35:41-07:00,6,59
projects/projects.js,70,js,36099ff2,mpkcb21,2026-04-30,10:35:41,-07:00,2026-04-30T10:35:41-07:00,5,0
projects/projects.js,71,js,36099ff2,mpkcb21,2026-04-30,10:35:41,-07:00,2026-04-30T10:35:41-07:00,0,0
projects/projects.js,72,js,238780a8,mpkcb21,2026-04-30,12:23:12,-07:00,2026-04-30T12:23:12-07:00,4,13
projects/projects.js,73,js,36099ff2,mpkcb21,2026-04-30,10:35:41,-07:00,2026-04-30T10:35:41-07:00,3,1
projects/projects.js,74,js,e656d443,mpkcb21,2026-04-30,10:31:52,-07:00,2026-04-30T10:31:52-07:00,1,1
projects/projects.js,75,js,e656d443,mpkcb21,2026-04-30,10:31:52,-07:00,2026-04-30T10:31:52-07:00,0,0
projects/projects.js,76,js,e656d443,mpkcb21,2026-04-30,10:31:52,-07:00,2026-04-30T10:31:52-07:00,1,32
projects/projects.js,77,js,238780a8,mpkcb21,2026-04-30,12:23:12,-07:00,2026-04-30T12:23:12-07:00,1,31
projects/projects.js,78,js,e656d443,mpkcb21,2026-04-30,10:31:52,-07:00,2026-04-30T10:31:52-07:00,2,4
projects/projects.js,79,js,e656d443,mpkcb21,2026-04-30,10:31:52,-07:00,2026-04-30T10:31:52-07:00,3,11
projects/projects.js,80,js,e656d443,mpkcb21,2026-04-30,10:31:52,-07:00,2026-04-30T10:31:52-07:00,3,38
projects/projects.js,81,js,36099ff2,mpkcb21,2026-04-30,10:35:41,-07:00,2026-04-30T10:35:41-07:00,3,76
projects/projects.js,82,js,e656d443,mpkcb21,2026-04-30,10:31:52,-07:00,2026-04-30T10:31:52-07:00,3,69
projects/projects.js,83,js,e656d443,mpkcb21,2026-04-30,10:31:52,-07:00,2026-04-30T10:31:52-07:00,1,1
projects/projects.js,84,js,e656d443,mpkcb21,2026-04-30,10:31:52,-07:00,2026-04-30T10:31:52-07:00,0,0
projects/projects.js,85,js,e656d443,mpkcb21,2026-04-30,10:31:52,-07:00,2026-04-30T10:31:52-07:00,0,0
projects/projects.js,86,js,e656d443,mpkcb21,2026-04-30,10:31:52,-07:00,2026-04-30T10:31:52-07:00,0,23
projects/projects.js,87,js,e656d443,mpkcb21,2026-04-30,10:31:52,-07:00,2026-04-30T10:31:52-07:00,0,0
projects/projects.js,88,js,ce6c3c05,mpkcb21,2026-04-30,10:30:44,-07:00,2026-04-30T10:30:44-07:00,0,53
projects/projects.js,89,js,ce6c3c05,mpkcb21,2026-04-30,10:30:44,-07:00,2026-04-30T10:30:44-07:00,0,0
projects/projects.js,90,js,ce6c3c05,mpkcb21,2026-04-30,10:30:44,-07:00,2026-04-30T10:30:44-07:00,0,48
projects/projects.js,91,js,ce6c3c05,mpkcb21,2026-04-30,10:30:44,-07:00,2026-04-30T10:30:44-07:00,1,25
projects/projects.js,92,js,70493990,mpkcb21,2026-05-01,12:40:52,-07:00,2026-05-01T12:40:52-07:00,1,39
projects/projects.js,93,js,f9e4b866,mpkcb21,2026-05-01,12:45:40,-07:00,2026-05-01T12:45:40-07:00,0,0
projects/projects.js,94,js,f9e4b866,mpkcb21,2026-05-01,12:45:40,-07:00,2026-05-01T12:45:40-07:00,1,43
projects/projects.js,95,js,f9e4b866,mpkcb21,2026-05-01,12:45:40,-07:00,2026-05-01T12:45:40-07:00,1,81
projects/projects.js,96,js,f9e4b866,mpkcb21,2026-05-01,12:45:40,-07:00,2026-05-01T12:45:40-07:00,0,0
projects/projects.js,97,js,f9e4b866,mpkcb21,2026-05-01,12:45:40,-07:00,2026-05-01T12:45:40-07:00,1,46
projects/projects.js,98,js,70493990,mpkcb21,2026-05-01,12:40:52,-07:00,2026-05-01T12:40:52-07:00,1,29
projects/projects.js,99,js,f9e4b866,mpkcb21,2026-05-01,12:45:40,-07:00,2026-05-01T12:45:40-07:00,0,0
projects/projects.js,100,js,f9e4b866,mpkcb21,2026-05-01,12:45:40,-07:00,2026-05-01T12:45:40-07:00,1,55
projects/projects.js,101,js,f9e4b866,mpkcb21,2026-05-01,12:45:40,-07:00,2026-05-01T12:45:40-07:00,1,17
projects/projects.js,102,js,f9e4b866,mpkcb21,2026-05-01,12:45:40,-07:00,2026-05-01T12:45:40-07:00,2,82
projects/projects.js,103,js,f9e4b866,mpkcb21,2026-05-01,12:45:40,-07:00,2026-05-01T12:45:40-07:00,2,21
projects/projects.js,104,js,f9e4b866,mpkcb21,2026-05-01,12:45:40,-07:00,2026-05-01T12:45:40-07:00,2,29
projects/projects.js,105,js,f9e4b866,mpkcb21,2026-05-01,12:45:40,-07:00,2026-05-01T12:45:40-07:00,3,16
projects/projects.js,106,js,f9e4b866,mpkcb21,2026-05-01,12:45:40,-07:00,2026-05-01T12:45:40-07:00,3,64
projects/projects.js,107,js,f9e4b866,mpkcb21,2026-05-01,12:45:40,-07:00,2026-05-01T12:45:40-07:00,2,18
projects/projects.js,108,js,f9e4b866,mpkcb21,2026-05-01,12:45:40,-07:00,2026-05-01T12:45:40-07:00,3,14
projects/projects.js,109,js,f9e4b866,mpkcb21,2026-05-01,12:45:40,-07:00,2026-05-01T12:45:40-07:00,3,22
projects/projects.js,110,js,f9e4b866,mpkcb21,2026-05-01,12:45:40,-07:00,2026-05-01T12:45:40-07:00,4,59
projects/projects.js,111,js,f9e4b866,mpkcb21,2026-05-01,12:45:40,-07:00,2026-05-01T12:45:40-07:00,3,0
projects/projects.js,112,js,f9e4b866,mpkcb21,2026-05-01,12:45:40,-07:00,2026-05-01T12:45:40-07:00,1,0
projects/projects.js,113,js,f9e4b866,mpkcb21,2026-05-01,12:45:40,-07:00,2026-05-01T12:45:40-07:00,0,0
projects/projects.js,114,js,238780a8,mpkcb21,2026-04-30,12:23:12,-07:00,2026-04-30T12:23:12-07:00,1,13
projects/projects.js,115,js,4a470dd3,mpkcb21,2026-04-30,09:59:48,-07:00,2026-04-30T09:59:48-07:00,0,1
projects/index.html,1,html,637ac7e0,mpkcb21,2026-04-03,19:59:50,-07:00,2026-04-03T19:59:50-07:00,0,13
projects/index.html,2,html,637ac7e0,mpkcb21,2026-04-03,19:59:50,-07:00,2026-04-03T19:59:50-07:00,0,14
projects/index.html,3,html,637ac7e0,mpkcb21,2026-04-03,19:59:50,-07:00,2026-04-03T19:59:50-07:00,0,4
projects/index.html,4,html,637ac7e0,mpkcb21,2026-04-03,19:59:50,-07:00,2026-04-03T19:59:50-07:00,2,20
projects/index.html,5,html,6300c34f,mpkcb21,2026-04-10,20:21:23,-07:00,2026-04-10T20:21:23-07:00,2,68
projects/index.html,6,html,637ac7e0,mpkcb21,2026-04-03,19:59:50,-07:00,2026-04-03T19:59:50-07:00,2,21
projects/index.html,7,html,6300c34f,mpkcb21,2026-04-10,20:21:23,-07:00,2026-04-10T20:21:23-07:00,2,41
projects/index.html,8,html,637ac7e0,mpkcb21,2026-04-03,19:59:50,-07:00,2026-04-03T19:59:50-07:00,0,5
projects/index.html,9,html,603abbb3,mpkcb21,2026-04-23,15:15:26,-07:00,2026-04-23T15:15:26-07:00,0,4
projects/index.html,10,html,603abbb3,mpkcb21,2026-04-23,15:15:26,-07:00,2026-04-23T15:15:26-07:00,2,38
projects/index.html,11,html,603abbb3,mpkcb21,2026-04-23,15:15:26,-07:00,2026-04-23T15:15:26-07:00,0,0
projects/index.html,12,html,19582612,mpkcb21,2026-04-30,10:25:57,-07:00,2026-04-30T10:25:57-07:00,2,27
projects/index.html,13,html,19582612,mpkcb21,2026-04-30,10:25:57,-07:00,2026-04-30T10:25:57-07:00,4,58
projects/index.html,14,html,19582612,mpkcb21,2026-04-30,10:25:57,-07:00,2026-04-30T10:25:57-07:00,4,22
projects/index.html,15,html,19582612,mpkcb21,2026-04-30,10:25:57,-07:00,2026-04-30T10:25:57-07:00,2,4
projects/index.html,16,html,17ea4f38,mpkcb21,2026-04-30,10:04:16,-07:00,2026-04-30T10:04:16-07:00,0,0
projects/index.html,17,html,ce6c3c05,mpkcb21,2026-04-30,10:30:44,-07:00,2026-04-30T10:30:44-07:00,2,102
projects/index.html,18,html,ce6c3c05,mpkcb21,2026-04-30,10:30:44,-07:00,2026-04-30T10:30:44-07:00,0,0
projects/index.html,19,html,603abbb3,mpkcb21,2026-04-23,15:15:26,-07:00,2026-04-23T15:15:26-07:00,2,20
projects/index.html,20,html,603abbb3,mpkcb21,2026-04-23,15:15:26,-07:00,2026-04-23T15:15:26-07:00,2,4
projects/index.html,21,html,603abbb3,mpkcb21,2026-04-23,15:15:26,-07:00,2026-04-23T15:15:26-07:00,0,0
projects/index.html,22,html,603abbb3,mpkcb21,2026-04-23,15:15:26,-07:00,2026-04-23T15:15:26-07:00,2,48
projects/index.html,23,html,603abbb3,mpkcb21,2026-04-23,15:15:26,-07:00,2026-04-23T15:15:26-07:00,2,47
projects/index.html,24,html,603abbb3,mpkcb21,2026-04-23,15:15:26,-07:00,2026-04-23T15:15:26-07:00,0,5
projects/index.html,25,html,17ea4f38,mpkcb21,2026-04-30,10:04:16,-07:00,2026-04-30T10:04:16-07:00,0,5
cv/index.html,1,html,637ac7e0,mpkcb21,2026-04-03,19:59:50,-07:00,2026-04-03T19:59:50-07:00,0,13
cv/index.html,2,html,637ac7e0,mpkcb21,2026-04-03,19:59:50,-07:00,2026-04-03T19:59:50-07:00,0,14
cv/index.html,3,html,637ac7e0,mpkcb21,2026-04-03,19:59:50,-07:00,2026-04-03T19:59:50-07:00,0,4
cv/index.html,4,html,f4b67f3d,mpkcb21,2026-04-16,17:38:51,-07:00,2026-04-16T17:38:51-07:00,2,48
cv/index.html,5,html,637ac7e0,mpkcb21,2026-04-03,19:59:50,-07:00,2026-04-03T19:59:50-07:00,2,20
cv/index.html,6,html,eef53590,mpkcb21,2026-04-10,21:01:41,-07:00,2026-04-10T21:01:41-07:00,2,68
cv/index.html,7,html,637ac7e0,mpkcb21,2026-04-03,19:59:50,-07:00,2026-04-03T19:59:50-07:00,2,15
cv/index.html,8,html,eef53590,mpkcb21,2026-04-10,21:01:41,-07:00,2026-04-10T21:01:41-07:00,2,41
cv/index.html,9,html,637ac7e0,mpkcb21,2026-04-03,19:59:50,-07:00,2026-04-03T19:59:50-07:00,0,5
cv/index.html,10,html,637ac7e0,mpkcb21,2026-04-03,19:59:50,-07:00,2026-04-03T19:59:50-07:00,0,4
cv/index.html,11,html,f9e07738,mpkcb21,2026-04-16,17:59:06,-07:00,2026-04-16T17:59:06-07:00,0,0
cv/index.html,12,html,637ac7e0,mpkcb21,2026-04-03,19:59:50,-07:00,2026-04-03T19:59:50-07:00,0,0
cv/index.html,13,html,eef53590,mpkcb21,2026-04-10,21:01:41,-07:00,2026-04-10T21:01:41-07:00,2,35
cv/index.html,14,html,eef53590,mpkcb21,2026-04-10,21:01:41,-07:00,2026-04-10T21:01:41-07:00,2,48
cv/index.html,15,html,637ac7e0,mpkcb21,2026-04-03,19:59:50,-07:00,2026-04-03T19:59:50-07:00,0,0
cv/index.html,16,html,eef53590,mpkcb21,2026-04-10,21:01:41,-07:00,2026-04-10T21:01:41-07:00,2,26
cv/index.html,17,html,eef53590,mpkcb21,2026-04-10,21:01:41,-07:00,2026-04-10T21:01:41-07:00,4,16
cv/index.html,18,html,eef53590,mpkcb21,2026-04-10,21:01:41,-07:00,2026-04-10T21:01:41-07:00,4,20
cv/index.html,19,html,eef53590,mpkcb21,2026-04-10,21:01:41,-07:00,2026-04-10T21:01:41-07:00,6,27
cv/index.html,20,html,eef53590,mpkcb21,2026-04-10,21:01:41,-07:00,2026-04-10T21:01:41-07:00,8,50
cv/index.html,21,html,eef53590,mpkcb21,2026-04-10,21:01:41,-07:00,2026-04-10T21:01:41-07:00,8,24
cv/index.html,22,html,eef53590,mpkcb21,2026-04-10,21:01:41,-07:00,2026-04-10T21:01:41-07:00,6,4
cv/index.html,23,html,eef53590,mpkcb21,2026-04-10,21:01:41,-07:00,2026-04-10T21:01:41-07:00,6,44
cv/index.html,24,html,eef53590,mpkcb21,2026-04-10,21:01:41,-07:00,2026-04-10T21:01:41-07:00,6,64
cv/index.html,25,html,eef53590,mpkcb21,2026-04-10,21:01:41,-07:00,2026-04-10T21:01:41-07:00,6,90
cv/index.html,26,html,eef53590,mpkcb21,2026-04-10,21:01:41,-07:00,2026-04-10T21:01:41-07:00,4,4
cv/index.html,27,html,eef53590,mpkcb21,2026-04-10,21:01:41,-07:00,2026-04-10T21:01:41-07:00,2,8
cv/index.html,28,html,637ac7e0,mpkcb21,2026-04-03,19:59:50,-07:00,2026-04-03T19:59:50-07:00,0,0
cv/index.html,29,html,eef53590,mpkcb21,2026-04-10,21:01:41,-07:00,2026-04-10T21:01:41-07:00,2,26
cv/index.html,30,html,eef53590,mpkcb21,2026-04-10,21:01:41,-07:00,2026-04-10T21:01:41-07:00,4,30
cv/index.html,31,html,637ac7e0,mpkcb21,2026-04-03,19:59:50,-07:00,2026-04-03T19:59:50-07:00,0,0
cv/index.html,32,html,eef53590,mpkcb21,2026-04-10,21:01:41,-07:00,2026-04-10T21:01:41-07:00,4,20
cv/index.html,33,html,eef53590,mpkcb21,2026-04-10,21:01:41,-07:00,2026-04-10T21:01:41-07:00,6,27
cv/index.html,34,html,eef53590,mpkcb21,2026-04-10,21:01:41,-07:00,2026-04-10T21:01:41-07:00,8,48
cv/index.html,35,html,eef53590,mpkcb21,2026-04-10,21:01:41,-07:00,2026-04-10T21:01:41-07:00,8,30
cv/index.html,36,html,eef53590,mpkcb21,2026-04-10,21:01:41,-07:00,2026-04-10T21:01:41-07:00,6,4
cv/index.html,37,html,eef53590,mpkcb21,2026-04-10,21:01:41,-07:00,2026-04-10T21:01:41-07:00,6,2
cv/index.html,38,html,eef53590,mpkcb21,2026-04-10,21:01:41,-07:00,2026-04-10T21:01:41-07:00,8,50
cv/index.html,39,html,eef53590,mpkcb21,2026-04-10,21:01:41,-07:00,2026-04-10T21:01:41-07:00,8,36
cv/index.html,40,html,eef53590,mpkcb21,2026-04-10,21:01:41,-07:00,2026-04-10T21:01:41-07:00,8,48
cv/index.html,41,html,eef53590,mpkcb21,2026-04-10,21:01:41,-07:00,2026-04-10T21:01:41-07:00,6,3
cv/index.html,42,html,eef53590,mpkcb21,2026-04-10,21:01:41,-07:00,2026-04-10T21:01:41-07:00,4,4
cv/index.html,43,html,637ac7e0,mpkcb21,2026-04-03,19:59:50,-07:00,2026-04-03T19:59:50-07:00,0,0
cv/index.html,44,html,eef53590,mpkcb21,2026-04-10,21:01:41,-07:00,2026-04-10T21:01:41-07:00,4,20
cv/index.html,45,html,eef53590,mpkcb21,2026-04-10,21:01:41,-07:00,2026-04-10T21:01:41-07:00,6,27
cv/index.html,46,html,eef53590,mpkcb21,2026-04-10,21:01:41,-07:00,2026-04-10T21:01:41-07:00,8,41
cv/index.html,47,html,eef53590,mpkcb21,2026-04-10,21:01:41,-07:00,2026-04-10T21:01:41-07:00,8,33
cv/index.html,48,html,eef53590,mpkcb21,2026-04-10,21:01:41,-07:00,2026-04-10T21:01:41-07:00,6,4
cv/index.html,49,html,eef53590,mpkcb21,2026-04-10,21:01:41,-07:00,2026-04-10T21:01:41-07:00,6,2
cv/index.html,50,html,eef53590,mpkcb21,2026-04-10,21:01:41,-07:00,2026-04-10T21:01:41-07:00,8,37
cv/index.html,51,html,eef53590,mpkcb21,2026-04-10,21:01:41,-07:00,2026-04-10T21:01:41-07:00,8,31
cv/index.html,52,html,eef53590,mpkcb21,2026-04-10,21:01:41,-07:00,2026-04-10T21:01:41-07:00,8,52
cv/index.html,53,html,eef53590,mpkcb21,2026-04-10,21:01:41,-07:00,2026-04-10T21:01:41-07:00,6,3
cv/index.html,54,html,eef53590,mpkcb21,2026-04-10,21:01:41,-07:00,2026-04-10T21:01:41-07:00,4,4
cv/index.html,55,html,637ac7e0,mpkcb21,2026-04-03,19:59:50,-07:00,2026-04-03T19:59:50-07:00,0,0
cv/index.html,56,html,eef53590,mpkcb21,2026-04-10,21:01:41,-07:00,2026-04-10T21:01:41-07:00,4,20
cv/index.html,57,html,eef53590,mpkcb21,2026-04-10,21:01:41,-07:00,2026-04-10T21:01:41-07:00,6,27
cv/index.html,58,html,eef53590,mpkcb21,2026-04-10,21:01:41,-07:00,2026-04-10T21:01:41-07:00,8,33
cv/index.html,59,html,eef53590,mpkcb21,2026-04-10,21:01:41,-07:00,2026-04-10T21:01:41-07:00,8,33
cv/index.html,60,html,eef53590,mpkcb21,2026-04-10,21:01:41,-07:00,2026-04-10T21:01:41-07:00,6,4
cv/index.html,61,html,eef53590,mpkcb21,2026-04-10,21:01:41,-07:00,2026-04-10T21:01:41-07:00,6,2
cv/index.html,62,html,eef53590,mpkcb21,2026-04-10,21:01:41,-07:00,2026-04-10T21:01:41-07:00,8,51
cv/index.html,63,html,eef53590,mpkcb21,2026-04-10,21:01:41,-07:00,2026-04-10T21:01:41-07:00,8,59
cv/index.html,64,html,eef53590,mpkcb21,2026-04-10,21:01:41,-07:00,2026-04-10T21:01:41-07:00,6,3
cv/index.html,65,html,eef53590,mpkcb21,2026-04-10,21:01:41,-07:00,2026-04-10T21:01:41-07:00,4,4
cv/index.html,66,html,eef53590,mpkcb21,2026-04-10,21:01:41,-07:00,2026-04-10T21:01:41-07:00,0,0
cv/index.html,67,html,eef53590,mpkcb21,2026-04-10,21:01:41,-07:00,2026-04-10T21:01:41-07:00,4,20
cv/index.html,68,html,eef53590,mpkcb21,2026-04-10,21:01:41,-07:00,2026-04-10T21:01:41-07:00,6,27
cv/index.html,69,html,eef53590,mpkcb21,2026-04-10,21:01:41,-07:00,2026-04-10T21:01:41-07:00,8,28
cv/index.html,70,html,eef53590,mpkcb21,2026-04-10,21:01:41,-07:00,2026-04-10T21:01:41-07:00,8,29
cv/index.html,71,html,eef53590,mpkcb21,2026-04-10,21:01:41,-07:00,2026-04-10T21:01:41-07:00,6,4
cv/index.html,72,html,eef53590,mpkcb21,2026-04-10,21:01:41,-07:00,2026-04-10T21:01:41-07:00,6,2
cv/index.html,73,html,eef53590,mpkcb21,2026-04-10,21:01:41,-07:00,2026-04-10T21:01:41-07:00,8,43
cv/index.html,74,html,eef53590,mpkcb21,2026-04-10,21:01:41,-07:00,2026-04-10T21:01:41-07:00,8,36
cv/index.html,75,html,eef53590,mpkcb21,2026-04-10,21:01:41,-07:00,2026-04-10T21:01:41-07:00,8,41
cv/index.html,76,html,eef53590,mpkcb21,2026-04-10,21:01:41,-07:00,2026-04-10T21:01:41-07:00,6,3
cv/index.html,77,html,eef53590,mpkcb21,2026-04-10,21:01:41,-07:00,2026-04-10T21:01:41-07:00,4,4
cv/index.html,78,html,eef53590,mpkcb21,2026-04-10,21:01:41,-07:00,2026-04-10T21:01:41-07:00,2,8
cv/index.html,79,html,637ac7e0,mpkcb21,2026-04-03,19:59:50,-07:00,2026-04-03T19:59:50-07:00,0,5
cv/index.html,80,html,637ac7e0,mpkcb21,2026-04-03,19:59:50,-07:00,2026-04-03T19:59:50-07:00,0,5
contact/index.html,1,html,cedd4e7f,mpkcb21,2026-04-03,19:47:13,-07:00,2026-04-03T19:47:13-07:00,0,13
contact/index.html,2,html,cedd4e7f,mpkcb21,2026-04-03,19:47:13,-07:00,2026-04-03T19:47:13-07:00,0,14
contact/index.html,3,html,cedd4e7f,mpkcb21,2026-04-03,19:47:13,-07:00,2026-04-03T19:47:13-07:00,0,4
contact/index.html,4,html,f4b67f3d,mpkcb21,2026-04-16,17:38:51,-07:00,2026-04-16T17:38:51-07:00,2,48
contact/index.html,5,html,cedd4e7f,mpkcb21,2026-04-03,19:47:13,-07:00,2026-04-03T19:47:13-07:00,2,20
contact/index.html,6,html,6300c34f,mpkcb21,2026-04-10,20:21:23,-07:00,2026-04-10T20:21:23-07:00,2,68
contact/index.html,7,html,cca547da,mpkcb21,2026-04-10,20:39:07,-07:00,2026-04-10T20:39:07-07:00,2,20
contact/index.html,8,html,6300c34f,mpkcb21,2026-04-10,20:21:23,-07:00,2026-04-10T20:21:23-07:00,2,41
contact/index.html,9,html,cedd4e7f,mpkcb21,2026-04-03,19:47:13,-07:00,2026-04-03T19:47:13-07:00,0,5
contact/index.html,10,html,cedd4e7f,mpkcb21,2026-04-03,19:47:13,-07:00,2026-04-03T19:47:13-07:00,0,4
contact/index.html,11,html,fce8127b,mpkcb21,2026-04-03,19:49:46,-07:00,2026-04-03T19:49:46-07:00,0,0
contact/index.html,12,html,cca547da,mpkcb21,2026-04-10,20:39:07,-07:00,2026-04-10T20:39:07-07:00,2,14
contact/index.html,13,html,fce8127b,mpkcb21,2026-04-03,19:49:46,-07:00,2026-04-03T19:49:46-07:00,0,0
contact/index.html,14,html,cca547da,mpkcb21,2026-04-10,20:39:07,-07:00,2026-04-10T20:39:07-07:00,2,85
contact/index.html,15,html,cca547da,mpkcb21,2026-04-10,20:39:07,-07:00,2026-04-10T20:39:07-07:00,4,5
contact/index.html,16,html,cca547da,mpkcb21,2026-04-10,20:39:07,-07:00,2026-04-10T20:39:07-07:00,6,4
contact/index.html,17,html,cca547da,mpkcb21,2026-04-10,20:39:07,-07:00,2026-04-10T20:39:07-07:00,6,31
contact/index.html,18,html,cca547da,mpkcb21,2026-04-10,20:39:07,-07:00,2026-04-10T20:39:07-07:00,4,6
contact/index.html,19,html,cca547da,mpkcb21,2026-04-10,20:39:07,-07:00,2026-04-10T20:39:07-07:00,0,0
contact/index.html,20,html,cca547da,mpkcb21,2026-04-10,20:39:07,-07:00,2026-04-10T20:39:07-07:00,4,5
contact/index.html,21,html,cca547da,mpkcb21,2026-04-10,20:39:07,-07:00,2026-04-10T20:39:07-07:00,6,6
contact/index.html,22,html,cca547da,mpkcb21,2026-04-10,20:39:07,-07:00,2026-04-10T20:39:07-07:00,6,20
contact/index.html,23,html,cca547da,mpkcb21,2026-04-10,20:39:07,-07:00,2026-04-10T20:39:07-07:00,4,6
contact/index.html,24,html,cca547da,mpkcb21,2026-04-10,20:39:07,-07:00,2026-04-10T20:39:07-07:00,0,0
contact/index.html,25,html,cca547da,mpkcb21,2026-04-10,20:39:07,-07:00,2026-04-10T20:39:07-07:00,4,5
contact/index.html,26,html,cca547da,mpkcb21,2026-04-10,20:39:07,-07:00,2026-04-10T20:39:07-07:00,6,6
contact/index.html,27,html,cca547da,mpkcb21,2026-04-10,20:39:07,-07:00,2026-04-10T20:39:07-07:00,6,31
contact/index.html,28,html,cca547da,mpkcb21,2026-04-10,20:39:07,-07:00,2026-04-10T20:39:07-07:00,4,6
contact/index.html,29,html,cca547da,mpkcb21,2026-04-10,20:39:07,-07:00,2026-04-10T20:39:07-07:00,0,0
contact/index.html,30,html,cca547da,mpkcb21,2026-04-10,20:39:07,-07:00,2026-04-10T20:39:07-07:00,4,19
contact/index.html,31,html,cca547da,mpkcb21,2026-04-10,20:39:07,-07:00,2026-04-10T20:39:07-07:00,2,5
contact/index.html,32,html,cedd4e7f,mpkcb21,2026-04-03,19:47:13,-07:00,2026-04-03T19:47:13-07:00,0,5
contact/index.html,33,html,cedd4e7f,mpkcb21,2026-04-03,19:47:13,-07:00,2026-04-03T19:47:13-07:00,0,5
